"cnr","path"
"ESCR010000012025","2025_1_1_11_EN.pdf"
"ESCR010000022025","2025_1_12_39_EN.pdf"
"ESCR010000032025","2025_1_40_61_EN.pdf"
"ESCR010000042025","2025_1_62_80_EN.pdf"
"ESCR010000062025","2025_1_93_104_EN.pdf"
"ESCR010000072025","2025_1_105_116_EN.pdf"
"ESCR010000082025","2025_1_117_129_EN.pdf"
"ESCR010000092025","2025_1_130_150_EN.pdf"
"ESCR010000142025","2025_1_190_229_EN.pdf"
"ESCR010000162025","2025_1_239_265_EN.pdf"
"ESCR010000232025","2025_1_431_445_EN.pdf"
"ESCR010000242025","2025_1_446_461_EN.pdf"
"ESCR010001152025","2025_4_336_343_EN.pdf"
"ESCR010001192025","2025_4_497_503_EN.pdf"
"ESCR010001202025","2025_4_504_520_EN.pdf"
"ESCR010001212025","2025_4_521_528_EN.pdf"
"ESCR010001222025","2025_4_529_542_EN.pdf"
"ESCR010001232025","2025_4_543_550_EN.pdf"
"ESCR010001642025","2025_5_360_368_EN.pdf"
"ESCR010001652025","2025_5_369_388_EN.pdf"
"ESCR010001682025","2025_5_409_424_EN.pdf"
"ESCR010001792025","2025_6_22_63_EN.pdf"
"ESCR010001802025","2025_6_64_99_EN.pdf"
"ESCR010001812025","2025_6_100_122_EN.pdf"
"ESCR010001842025","2025_6_156_167_EN.pdf"
"ESCR010004242025","2025_5_718_729_EN.pdf"
"ESCR010003712025","2025_9_258_282_EN.pdf"
"ESCR010003722025","2025_9_283_299_EN.pdf"
"ESCR010003732025","2025_9_300_338_EN.pdf"
"ESCR010003912025","2025_9_339_361_EN.pdf"
"ESCR010003922025","2025_9_362_382_EN.pdf"
"ESCR010003942025","2025_9_410_506_EN.pdf"
"ESCR010000052025","2025_1_81_92_EN.pdf"
"ESCR010000102025","2025_1_151_157_EN.pdf"
"ESCR010000112025","2025_1_158_176_EN.pdf"
"ESCR010000122025","2025_1_177_183_EN.pdf"
"ESCR010000172025","2025_1_266_280_EN.pdf"
"ESCR010000292025","2025_1_515_541_EN.pdf"
"ESCR010000312025","2025_1_576_591_EN.pdf"
"ESCR010000472025","2025_2_313_342_EN.pdf"
"ESCR010000482025","2025_2_343_362_EN.pdf"
"ESCR010001472025","2025_2_619_621_EN.pdf"
"ESCR010000832025","2025_3_303_316_EN.pdf"
"ESCR010000862025","2025_3_341_366_EN.pdf"
"ESCR010000872025","2025_3_367_376_EN.pdf"
"ESCR010000882025","2025_3_377_418_EN.pdf"
"ESCR010001132025","2025_4_222_326_EN.pdf"
"ESCR010001282025","2025_4_617_624_EN.pdf"
"ESCR010001412025","2025_5_177_192_EN.pdf"
"ESCR010001662025","2025_5_389_400_EN.pdf"
"ESCR010001672025","2025_5_401_408_EN.pdf"
"ESCR010001712025","2025_5_446_457_EN.pdf"
"ESCR010004192025","2025_5_653_666_EN.pdf"
"ESCR010002742025","2025_7_307_330_EN.pdf"
"ESCR010003932025","2025_9_383_409_EN.pdf"
"ESCR010003952025","2025_9_507_521_EN.pdf"
"ESCR010004042025","2025_10_1_25_EN.pdf"
"ESCR010006662025","2025_12_258_272_EN.pdf"
"ESCR010006672025","2025_12_273_280_EN.pdf"
"ESCR010006682025","2025_12_281_294_EN.pdf"
"ESCR010000492025","2025_2_363_375_EN.pdf"
"ESCR010000502025","2025_2_376_387_EN.pdf"
"ESCR010000512025","2025_2_388_403_EN.pdf"
"ESCR010000522025","2025_2_404_423_EN.pdf"
"ESCR010000842025","2025_3_317_324_EN.pdf"
"ESCR010000852025","2025_3_325_340_EN.pdf"
"ESCR010000982025","2025_4_1_10_EN.pdf"
"ESCR010001112025","2025_4_197_203_EN.pdf"
"ESCR010003742025","2025_3_629_637_EN.pdf"
"ESCR010001242025","2025_4_551_572_EN.pdf"
"ESCR010001312025","2025_5_13_22_EN.pdf"
"ESCR010003222025","2025_8_345_361_EN.pdf"
"ESCR010003232025","2025_8_362_394_EN.pdf"
"ESCR010003012025","2025_2_1091_1141_EN.pdf"
"ESCR010003572025","2025_2_1831_1844_EN.pdf"
"ESCR010003582025","2025_2_1845_1860_EN.pdf"
"ESCR010000902025","2025_3_432_449_EN.pdf"
"ESCR010000912025","2025_3_450_468_EN.pdf"
"ESCR010001822025","2025_6_123_140_EN.pdf"
"ESCR010001832025","2025_6_141_155_EN.pdf"
"ESCR010002132025","2025_6_601_606_EN.pdf"
"ESCR010002752025","2025_7_331_345_EN.pdf"
"ESCR010002792025","2025_7_380_393_EN.pdf"
"ESCR010002812025","2025_7_407_426_EN.pdf"
"ESCR010002822025","2025_7_427_462_EN.pdf"
"ESCR010003242025","2025_8_395_410_EN.pdf"
"ESCR010003252025","2025_8_411_567_EN.pdf"
"ESCR010003262025","2025_8_568_598_EN.pdf"
"ESCR010003602025","2025_9_91_97_EN.pdf"
"ESCR010003962025","2025_9_522_527_EN.pdf"
"ESCR010005682025","2025_11_246_263_EN.pdf"
"ESCR010006692025","2025_12_295_316_EN.pdf"
"ESCR010000132025","2025_1_184_189_EN.pdf"
"ESCR010000152025","2025_1_230_238_EN.pdf"
"ESCR010000802025","2025_3_262_288_EN.pdf"
"ESCR010001482025","2025_2_622_629_EN.pdf"
"ESCR010000892025","2025_3_419_431_EN.pdf"
"ESCR010000962025","2025_3_540_597_EN.pdf"
"ESCR010000992025","2025_4_11_31_EN.pdf"
"ESCR010001122025","2025_4_204_221_EN.pdf"
"ESCR010001852025","2025_6_168_179_EN.pdf"
"ESCR010001892025","2025_6_210_239_EN.pdf"
"ESCR010001952025","2025_6_303_306_EN.pdf"
"ESCR010001962025","2025_6_307_309_EN.pdf"
"ESCR010002762025","2025_7_346_353_EN.pdf"
"ESCR010002782025","2025_7_364_379_EN.pdf"
"ESCR010003272025","2025_8_599_610_EN.pdf"
"ESCR010003592025","2025_9_1_90_EN.pdf"
"ESCR010000182025","2025_1_281_312_EN.pdf"
"ESCR010000192025","2025_1_313_361_EN.pdf"
"ESCR010000342025","2025_2_1_26_EN.pdf"
"ESCR010002732025","2025_1_1524_1580_EN.pdf"
"ESCR010000532025","2025_2_424_451_EN.pdf"
"ESCR010000542025","2025_2_452_460_EN.pdf"
"ESCR010000552025","2025_2_461_475_EN.pdf"
"ESCR010000562025","2025_2_476_520_EN.pdf"
"ESCR010000572025","2025_2_521_525_EN.pdf"
"ESCR010000632025","2025_2_602_611_EN.pdf"
"ESCR010000712025","2025_3_1_23_EN.pdf"
"ESCR010003032025","2025_2_1174_1177_EN.pdf"
"ESCR010003532025","2025_2_1790_1805_EN.pdf"
"ESCR010000932025","2025_3_490_501_EN.pdf"
"ESCR010000942025","2025_3_502_515_EN.pdf"
"ESCR010000972025","2025_3_598_628_EN.pdf"
"ESCR010003752025","2025_3_638_713_EN.pdf"
"ESCR010003762025","2025_3_714_778_EN.pdf"
"ESCR010001322025","2025_5_23_32_EN.pdf"
"ESCR010001332025","2025_5_33_46_EN.pdf"
"ESCR010001342025","2025_5_47_57_EN.pdf"
"ESCR010001692025","2025_5_425_434_EN.pdf"
"ESCR010001722025","2025_5_458_474_EN.pdf"
"ESCR010002092025","2025_6_513_544_EN.pdf"
"ESCR010002182025","2025_7_55_68_EN.pdf"
"ESCR010004232025","2025_5_707_717_EN.pdf"
"ESCR010004282025","2025_5_764_772_EN.pdf"
"ESCR010004322025","2025_5_798_813_EN.pdf"
"ESCR010002772025","2025_7_354_363_EN.pdf"
"ESCR010003612025","2025_9_98_107_EN.pdf"
"ESCR010004162025","2025_10_263_285_EN.pdf"
"ESCR010004172025","2025_10_286_300_EN.pdf"
"ESCR010004182025","2025_10_301_310_EN.pdf"
"ESCR010005692025","2025_11_264_272_EN.pdf"
"ESCR010005702025","2025_11_273_290_EN.pdf"
"ESCR010005712025","2025_11_291_326_EN.pdf"
"ESCR010000202025","2025_1_362_402_EN.pdf"
"ESCR010000302025","2025_1_542_575_EN.pdf"
"ESCR010002312025","2025_1_651_656_EN.pdf"
"ESCR010003772025","2025_3_779_788_EN.pdf"
"ESCR010001262025","2025_4_603_607_EN.pdf"
"ESCR010001272025","2025_4_608_616_EN.pdf"
"ESCR010001352025","2025_5_58_77_EN.pdf"
"ESCR010001362025","2025_5_78_93_EN.pdf"
"ESCR010001402025","2025_5_169_176_EN.pdf"
"ESCR010001702025","2025_5_435_445_EN.pdf"
"ESCR010001762025","2025_5_616_626_EN.pdf"
"ESCR010004332025","2025_5_814_841_EN.pdf"
"ESCR010000212025","2025_1_403_413_EN.pdf"
"ESCR010000262025","2025_1_484_489_EN.pdf"
"ESCR010000282025","2025_1_498_514_EN.pdf"
"ESCR010000322025","2025_1_592_609_EN.pdf"
"ESCR010000462025","2025_2_263_312_EN.pdf"
"ESCR010002332025","2025_1_718_728_EN.pdf"
"ESCR010002352025","2025_1_764_771_EN.pdf"
"ESCR010001422025","2025_5_193_204_EN.pdf"
"ESCR010001732025","2025_5_475_484_EN.pdf"
"ESCR010001742025","2025_5_485_521_EN.pdf"
"ESCR010001862025","2025_6_180_192_EN.pdf"
"ESCR010001972025","2025_6_310_359_EN.pdf"
"ESCR010002252025","2025_7_160_189_EN.pdf"
"ESCR010004342025","2025_5_842_855_EN.pdf"
"ESCR010003622025","2025_9_108_112_EN.pdf"
"ESCR010003632025","2025_9_113_129_EN.pdf"
"ESCR010004002025","2025_9_574_584_EN.pdf"
"ESCR010000222025","2025_1_414_430_EN.pdf"
"ESCR010000252025","2025_1_462_483_EN.pdf"
"ESCR010000332025","2025_1_610_648_EN.pdf"
"ESCR010002302025","2025_1_649_650_EN.pdf"
"ESCR010002322025","2025_1_657_717_EN.pdf"
"ESCR010002362025","2025_1_772_780_EN.pdf"
"ESCR010000582025","2025_2_526_533_EN.pdf"
"ESCR010000642025","2025_2_612_618_EN.pdf"
"ESCR010000662025","2025_3_24_47_EN.pdf"
"ESCR010000672025","2025_3_48_64_EN.pdf"
"ESCR010004252025","2025_5_730_734_EN.pdf"
"ESCR010002802025","2025_7_394_406_EN.pdf"
"ESCR010003972025","2025_9_528_541_EN.pdf"
"ESCR010003982025","2025_9_542_557_EN.pdf"
"ESCR010003992025","2025_9_558_573_EN.pdf"
"ESCR010004022025","2025_9_627_639_EN.pdf"
"ESCR010004052025","2025_10_26_43_EN.pdf"
"ESCR010004062025","2025_10_44_57_EN.pdf"
"ESCR010002342025","2025_1_729_763_EN.pdf"
"ESCR010000742025","2025_3_158_182_EN.pdf"
"ESCR010000812025","2025_3_289_302_EN.pdf"
"ESCR010001592025","2025_2_756_835_EN.pdf"
"ESCR010003422025","2025_2_1545_1568_EN.pdf"
"ESCR010004012025","2025_9_585_626_EN.pdf"
"ESCR010004072025","2025_10_58_65_EN.pdf"
"ESCR010004082025","2025_10_66_77_EN.pdf"
"ESCR010000592025","2025_2_534_543_EN.pdf"
